Workbook
Name crack_depth: main!$D$9
Name crack_depth_water: main!$D$10
Name gamma_w: main!$D$8
Name k: main!$D$11
Name max_depth: profile!$B$2
Name mesh: mat!#REF!
Name solution1: mat!#REF!
Name solution2: mat!#REF!
Name version: main!$D$5
Name max_depth: polygon!#REF!

Sheet main
A1: XSLOPE Input Template
B3: Instructions: Copy this template and fill out the inputs in each sheet/tab as appropriate.
C5: Template version: | D5: 10
B7: Global Options | F7: Sheet | G7: Description
C8: Unit weight of water: | D8: 62.4 | F8: plot | G8: Plot of geometric inputs from other sheets
C9: Tension crack depth: | D9: 0 | F9: mat | G9: Material properties. One per set per profile line
C10: Depth of water in crack: | D10: 0 | F10: profile | G10: Profile lines describing the slope geometry
C11: Seismic coefficient (k): | D11: 0 | F11: piezo | G11: Piezometric line to define pore pressures
F12: circles | G12: Starting circles for critical circle search
F13: noncirc | G13: Non-circular failure surface
F14: dloads | G14: Distributed loads
F15: dloads (2) | G15: Distributed loads for stage 2 of multistage analysis
F16: reinforce | G16: Reinforcement lines
F17: seep bc | G17: Seepage boundary conditions
F18: seep bc (2) | G18: Seepage boundary conditions for stage 2 of multistage analysis

Sheet plot

Sheet mat
C2: Strength options | J2: Pore presssue (u) options
C3: mc | D3: Traditional Mohr-Coulomb failure envelope (c and phi) | J3: none | K3: No pore pressures (total stress analysis)
C4: cp | D4: c/p ratio with reference elevation | J4: piezo | K4: Use piezometric line
J5: seep | K5: Use seepage solution
C7: Base Values | L7: Standard Deviations | R7: Seepage | W7: Stress
A8: mat | B8: name | C8: g | D8: option | E8: c | F8: f | G8: c/p | H8: r-elev | I8: d | J8: psi | K8: u | L8: s(g) | M8: s(c) | N8: s(f) | O8: s(c/p) | P8: s(d) | Q8: s(psi) | R8: k1 | S8: k2 | T8: alpha | U8: kr0 | V8: h0 | W8: E | X8: n
A9: 1 | B9: clay | C9: 124 | D9: mc | E9: 500 | F9: 0 | K9: none
A10: 2
A11: 3
A12: 4
A13: 5
A14: 6
A15: 7
A16: 8
A17: 9
A18: 10
A19: 11
A20: 12
A21: 13
... A23: 15

Sheet profile
A2: Max Depth: | B2: 0 | D2: max depth defines the elevation of a horizontal line that is treated as the bottom of the profile
A4: Profile Line #1 | D4: Profile Line #2 | G4: Profile Line #3 | J4: Profile Line #4 | M4: Profile Line #5 | P4: Profile Line #6 | S4: Profile Line #7 | V4: Profile Line #8 | Y4: Profile Line #9 | AB4: Profile Line #10 | AE4: Profile Line #11 | AH4: Profile Line #12 | AK4: Profile Line #13 | AN4: Profile Line #14 | AQ4: Profile Line #15
A5: Mat ID: | B5: 1 | D5: Mat ID: | E5: 2 | G5: Mat ID: | H5: 3 | J5: Mat ID: | K5: 4 | M5: Mat ID: | N5: 5 | P5: Mat ID: | Q5: 6 | S5: Mat ID: | T5: 7 | V5: Mat ID: | W5: 8 | Y5: Mat ID: | Z5: 9 | AB5: Mat ID: | AC5: 10 | AE5: Mat ID: | AF5: 11 | AH5: Mat ID: | AI5: 12 | AK5: Mat ID: | AL5: 13 | AN5: Mat ID: | AO5: 14 | AQ5: Mat ID: | AR5: 15
A6: clay | D6: =_xlfn.XLOOKUP(E5,mat!$A:$A, mat!$B:$B,"") & "" | G6: =_xlfn.XLOOKUP(H5,mat!$A:$A, mat!$B:$B,"") & "" | J6: =_xlfn.XLOOKUP(K5,mat!$A:$A, mat!$B:$B,"") & "" | M6: =_xlfn.XLOOKUP(N5,mat!$A:$A, mat!$B:$B,"") & "" | P6: =_xlfn.XLOOKUP(Q5,mat!$A:$A, mat!$B:$B,"") & "" | S6: =_xlfn.XLOOKUP(T5,mat!$A:$A, mat!$B:$B,"") & "" | V6: =_xlfn.XLOOKUP(W5,mat!$A:$A, mat!$B:$B,"") & "" | Y6: =_xlfn.XLOOKUP(Z5,mat!$A:$A, mat!$B:$B,"") & "" | AB6: =_xlfn.XLOOKUP(AC5,mat!$A:$A, mat!$B:$B,"") & "" | AE6: =_xlfn.XLOOKUP(AF5,mat!$A:$A, mat!$B:$B,"") & "" | AH6: =_xlfn.XLOOKUP(AI5,mat!$A:$A, mat!$B:$B,"") & "" | AK6: =_xlfn.XLOOKUP(AL5,mat!$A:$A, mat!$B:$B,"") & "" | AN6: =_xlfn.XLOOKUP(AO5,mat!$A:$A, mat!$B:$B,"") & "" | AQ6: =_xlfn.XLOOKUP(AR5,mat!$A:$A, mat!$B:$B,"") & ""
A7: x | B7: y | D7: x | E7: y | G7: x | H7: y | J7: x | K7: y | M7: x | N7: y | P7: x | Q7: y | S7: x | T7: y | V7: x | W7: y | Y7: x | Z7: y | AB7: x | AC7: y | AE7: x | AF7: y | AH7: x | AI7: y | AK7: x | AL7: y | AN7: x | AO7: y | AQ7: x | AR7: y
A8: 0 | B8: 18
A9: 50 | B9: 18
A10: 93.75 | B10: 43
A11: 200 | B11: 43

Sheet polygon
A2: Polygons coordinates can be input in CW or CCW order.
A4: Polygon #1 | D4: Polygon #2 | G4: Polygon #3 | J4: Polygon #4 | M4: Polygon #5 | P4: Polygon #6 | S4: Polygon #7 | V4: Polygon #8 | Y4: Polygon #9 | AB4: Polygon #10 | AE4: Polygon #11 | AH4: Polygon #12 | AK4: Polygon #13 | AN4: Polygon #14 | AQ4: Polygon #15
A5: Mat ID: | B5: 1 | D5: Mat ID: | E5: 2 | G5: Mat ID: | H5: 3 | J5: Mat ID: | K5: 4 | M5: Mat ID: | N5: 5 | P5: Mat ID: | Q5: 6 | S5: Mat ID: | T5: 7 | V5: Mat ID: | W5: 8 | Y5: Mat ID: | Z5: 9 | AB5: Mat ID: | AC5: 10 | AE5: Mat ID: | AF5: 11 | AH5: Mat ID: | AI5: 12 | AK5: Mat ID: | AL5: 13 | AN5: Mat ID: | AO5: 14 | AQ5: Mat ID: | AR5: 15
A6: =_xlfn.XLOOKUP(B5,mat!$A:$A, mat!$B:$B,"") & "" | D6: =_xlfn.XLOOKUP(E5,mat!$A:$A, mat!$B:$B,"") & "" | G6: =_xlfn.XLOOKUP(H5,mat!$A:$A, mat!$B:$B,"") & "" | J6: =_xlfn.XLOOKUP(K5,mat!$A:$A, mat!$B:$B,"") & "" | M6: =_xlfn.XLOOKUP(N5,mat!$A:$A, mat!$B:$B,"") & "" | P6: =_xlfn.XLOOKUP(Q5,mat!$A:$A, mat!$B:$B,"") & "" | S6: =_xlfn.XLOOKUP(T5,mat!$A:$A, mat!$B:$B,"") & "" | V6: =_xlfn.XLOOKUP(W5,mat!$A:$A, mat!$B:$B,"") & "" | Y6: =_xlfn.XLOOKUP(Z5,mat!$A:$A, mat!$B:$B,"") & "" | AB6: =_xlfn.XLOOKUP(AC5,mat!$A:$A, mat!$B:$B,"") & "" | AE6: =_xlfn.XLOOKUP(AF5,mat!$A:$A, mat!$B:$B,"") & "" | AH6: =_xlfn.XLOOKUP(AI5,mat!$A:$A, mat!$B:$B,"") & "" | AK6: =_xlfn.XLOOKUP(AL5,mat!$A:$A, mat!$B:$B,"") & "" | AN6: =_xlfn.XLOOKUP(AO5,mat!$A:$A, mat!$B:$B,"") & "" | AQ6: =_xlfn.XLOOKUP(AR5,mat!$A:$A, mat!$B:$B,"") & ""
A7: x | B7: y | D7: x | E7: y | G7: x | H7: y | J7: x | K7: y | M7: x | N7: y | P7: x | Q7: y | S7: x | T7: y | V7: x | W7: y | Y7: x | Z7: y | AB7: x | AC7: y | AE7: x | AF7: y | AH7: x | AI7: y | AK7: x | AL7: y | AN7: x | AO7: y | AQ7: x | AR7: y

Sheet piezo
A2: Piezometric Line 1 | D2: Piezometric Line 2 | G2: * piezometric line 2 is only required for rapid drawdown analysis
A3: x | B3: y | D3: x | E3: y

Sheet circles
A2: # | B2: Xo | C2: Yo | D2: Option | E2: Depth | F2: Xi | G2: Yi | H2: R | J2: Options | K2: Description
A3: 1 | B3: 72 | C3: 55 | D3: Depth | E3: 5 | J3: Depth | K3: Depth of the bottom of the circle
A4: 2 | B4: 72 | C4: 65 | D4: Depth | E4: 15 | J4: Intercept | K4: Circle passes through intercept point defined by Xi, Yi
A5: 3 | B5: 72 | C5: 75 | D5: Depth | E5: 25 | J5: Radius | K5: Specified radius, R
A6: 4
A7: 5
A8: 6
A9: 7
A10: 8
A11: 9
A12: 10

Sheet non-circ
A2: X | B2: Y | C2: Movement | E2: Options | F2: Description
E3: Free | F3: Unrestricted movement
E4: Horiz | F4: Horizontal only
E5: Fixed | F5: Does not move

Sheet dloads
B2: Distributed Load #1 | F2: Distributed Load #2 | J2: Distributed Load #3 | N2: Distributed Load #4 | R2: Distributed Load #5 | V2: Distributed Load #6
B3: X | C3: Y | D3: N | F3: X | G3: Y | H3: N | J3: X | K3: Y | L3: N | N3: X | O3: Y | P3: N | R3: X | S3: Y | T3: N | V3: X | W3: Y | X3: N

Sheet dloads (2)
B2: Distributed Load #1 (2) | F2: Distributed Load #2 (2) | J2: Distributed Load #3 (2) | N2: Distributed Load #4 (2) | R2: Distributed Load #5 (2) | V2: Distributed Load #6 (2)
B3: X | C3: Y | D3: N | F3: X | G3: Y | H3: N | J3: X | K3: Y | L3: N | N3: X | O3: Y | P3: N | R3: X | S3: Y | T3: N | V3: X | W3: Y | X3: N

Sheet reinforce
A2: # | B2: x1 | C2: y1 | D2: x2 | E2: y2 | F2: Tmax | G2: Tres | H2: Lp1 | I2: Lp2 | J2: E | K2: Area
A3: 1
A4: 2
A5: 3
A6: 4
A7: 5
A8: 6
A9: 7
A10: 8
A11: 9
A12: 10
A13: 11
A14: 12 | N14: Required for both LEM and FEM
A15: 13 | N15: Required for FEM only
A16: 14
A17: 15
A18: 16
A19: 17
A20: 18
A21: 19
A22: 20

Sheet piles
A2: # | B2: Label | C2: x1 | D2: y1 | E2: x2 | F2: y2 | G2: H | H2: qp | I2: D | J2: S | K2: E | L2: I | M2: Area | N2: Vcap | O2: Mcap | P2: Fixity | Z2: Free
A3: 1 | Z3: Fixed
A4: 2
A5: 3
A6: 4
A7: 5
A8: 6
A9: 7
A10: 8
A11: 9
A12: 10
S13: LEM only
S14: LEM & FEM
S15: FEM only

Sheet seep bc
B2: Exit Face | E2: Specified Head #1 | H2: Specified Head #2 | K2: Specified Head #3 | N2: Specified Head #4 | Q2: Specified Head #5
E3: Head: | H3: Head: | K3: Head: | N3: Head: | Q3: Head:
B4: x | C4: y | E4: x | F4: y | H4: x | I4: y | K4: x | L4: y | N4: x | O4: y | Q4: x | R4: y

Sheet seep bc (2)
B2: Exit Face (2) | E2: Specified Head #1 (2) | H2: Specified Head #2 (2) | K2: Specified Head #3 (2) | N2: Specified Head #4 (2) | Q2: Specified Head #5 (2)
E3: Head: | H3: Head: | K3: Head: | N3: Head: | Q3: Head:
B4: x | C4: y | E4: x | F4: y | H4: x | I4: y | K4: x | L4: y | N4: x | O4: y | Q4: x | R4: y
